date,equity
2018-02-28,1.0
2018-03-01,0.9766530754699096
2018-03-02,0.9645811869331634
2018-03-03,0.9791769285155234
2018-03-04,0.9832821270717249
2018-03-05,0.9837600756493048
2018-03-06,0.9614155358559032
2018-03-07,0.9888385099199195
2018-03-08,1.0290848626975813
2018-03-09,1.1396339637562996
2018-03-10,1.0722889909617703
2018-03-11,1.085126211374215
2018-03-12,1.059995028500152
2018-03-13,1.0367386466190078
2018-03-14,1.0217894910870915
2018-03-15,1.1591705899657576
2018-03-16,1.1259868685605323
2018-03-17,1.096632462607436
2018-03-18,1.152367966009359
2018-03-19,1.1086129194581291
2018-03-20,1.0994858525365627
2018-03-21,1.1393291823778124
2018-03-22,1.1368117881379742
2018-03-23,1.1328854299587046
2018-03-24,1.0824122926112143
2018-03-25,1.0377245031574174
2018-03-26,1.040084277102448
2018-03-27,1.1247054301216808
2018-03-28,1.14015963170871
2018-03-29,1.2029060010137256
2018-03-30,1.237466609605223
2018-03-31,1.2882097256925191
2018-04-01,1.3118795309927858
2018-04-02,1.2681675197199118
2018-04-03,1.2784745138832263
2018-04-04,1.273047744308337
2018-04-05,1.197607001945885
2018-04-06,1.2136623710031929
2018-04-07,1.1923290112799247
2018-04-08,1.208424247100261
2018-04-09,1.2692107810120548
2018-04-10,1.2013691530020885
2018-04-11,1.1647133848577305
2018-04-12,1.1504164199368578
2018-04-13,1.3419502620783246
2018-04-14,1.3451440900355056
2018-04-15,1.339161225565739
2018-04-16,1.3467484194324226
2018-04-17,1.3231686940465437
2018-04-18,1.2951296357155566
2018-04-19,1.3157691949579142
2018-04-20,1.3765358378375814
2018-04-21,1.4698829771432416
2018-04-22,1.467655793810658
2018-04-23,1.5085798980253806
2018-04-24,1.5727144364278163
2018-04-25,1.5635122846696856
2018-04-26,1.4886277541389048
2018-04-27,1.4489035435863407
2018-04-28,1.4283455045932225
2018-04-29,1.4515876325632149
2018-04-30,1.4227316414360935
2018-05-01,1.4053109676226154
2018-05-02,1.368396222780891
2018-05-03,1.3914188742687903
2018-05-04,1.4766392753212034
2018-05-05,1.5038544577174582
2018-05-06,1.4918389028951262
2018-05-07,1.49662491400349
2018-05-08,1.4745624191462656
2018-05-09,1.5363610825055016
2018-05-10,1.4722968256208318
2018-05-11,1.4241528833253654
2018-05-12,1.4786087055943329
2018-05-13,1.4505793283484985
2018-05-14,1.3814163968402149
2018-05-15,1.4248466023715198
2018-05-16,1.3616511789119872
2018-05-17,1.35108940668506
2018-05-18,1.3779553862063096
2018-05-19,1.3681145067006026
2018-05-20,1.3336792666676742
2018-05-21,1.3634648763557788
2018-05-22,1.3310213858457436
2018-05-23,1.4405099154875285
2018-05-24,1.4975109025851632
2018-05-25,1.5067650666576378
2018-05-26,1.489001423049177
2018-05-27,1.4355476541403396
2018-05-28,1.492184378053973
2018-05-29,1.5123615012805975
2018-05-30,1.4314466328766697
2018-05-31,1.4437926191914974
2018-06-01,1.4534452155009605
2018-06-02,1.4636743881160452
2018-06-03,1.4865078531044524
2018-06-04,1.4753223339289119
2018-06-05,1.473938331122709
2018-06-06,1.431164172749543
2018-06-07,1.439422897531505
2018-06-08,1.4208352555174946
2018-06-09,1.4133135615374455
2018-06-10,1.4803141661101562
2018-06-11,1.5930010865395627
2018-06-12,1.5544199507017002
2018-06-13,1.6351059785201119
2018-06-14,1.6511160392348379
2018-06-15,1.5694061981779173
2018-06-16,1.553078752878455
2018-06-17,1.5235638297086145
2018-06-18,1.530681896732085
2018-06-19,1.5115238451812676
2018-06-20,1.5072154390480992
2018-06-21,1.5317346940039958
2018-06-22,1.4751960839734888
2018-06-23,1.5471530241949059
2018-06-24,1.6098691732884354
2018-06-25,1.5572988804271324
2018-06-26,1.5597214207202055
2018-06-27,1.5562932806406748
2018-06-28,1.5478992266086382
2018-06-29,1.5915451302375028
2018-06-30,1.5449488279168075
2018-07-01,1.5434218197454375
2018-07-02,1.537848320521006
2018-07-03,1.5937290980986984
2018-07-04,1.5599453256186961
2018-07-05,1.5840792686593412
2018-07-06,1.5654789209407787
2018-07-07,1.5279420813191373
2018-07-08,1.4767226529257798
2018-07-09,1.4739046132895415
2018-07-10,1.4796272681946214
2018-07-11,1.5411360734774016
2018-07-12,1.5672768616776205
2018-07-13,1.5495775858013119
2018-07-14,1.561207602687161
2018-07-15,1.5470875026550657
2018-07-16,1.5046112354453836
2018-07-17,1.5707592963402355
2018-07-18,1.6837327131684727
2018-07-19,1.6350271237399518
2018-07-20,1.671281805783242
2018-07-21,1.6616072422917856
2018-07-22,1.6508389440856748
2018-07-23,1.6154046080905515
2018-07-24,1.5703041665760074
2018-07-25,1.6019724776111348
2018-07-26,1.5993881669553858
2018-07-27,1.5406848453266755
2018-07-28,1.5053307827722031
2018-07-29,1.51225566056588
2018-07-30,1.5118226935974717
2018-07-31,1.5299163900950017
2018-08-01,1.634081555939784
2018-08-02,1.6232710082193436
2018-08-03,1.6725219066703634
2018-08-04,1.6530655682203403
2018-08-05,1.6839730396990782
2018-08-06,1.662457442600508
2018-08-07,1.6621638221045838
2018-08-08,1.7107845936470558
2018-08-09,1.7458884968359443
2018-08-10,1.7254842744763481
2018-08-11,1.8638607374952763
2018-08-12,1.8166370432746874
2018-08-13,1.8186232795404462
2018-08-14,1.9208534023753643
2018-08-15,1.8349212667723702
2018-08-16,1.8192607113739414
2018-08-17,1.8511818922881482
2018-08-18,1.853113925133979
2018-08-19,1.8252360423581147
2018-08-20,1.7966002623574442
2018-08-21,1.856324191580368
2018-08-22,1.854904483479068
2018-08-23,1.8297248147494742
2018-08-24,1.810771866961288
2018-08-25,1.758718903240701
2018-08-26,1.7411058843558564
2018-08-27,1.7355951018320086
2018-08-28,1.7208012665934491
2018-08-29,1.7288210954728118
2018-08-30,1.7234564677900681
2018-08-31,1.7230559623906765
2018-09-01,1.7107660230692934
2018-09-02,1.7016852725928333
2018-09-03,1.6876228214732123
2018-09-04,1.6867611138907888
2018-09-05,1.6810288779169522
2018-09-06,1.640248839901148
2018-09-07,1.631506388472086
2018-09-08,1.6431374120800617
2018-09-09,1.7003036756839511
2018-09-10,1.6741677266560229
2018-09-11,1.680729835895405
2018-09-12,1.7082276152481397
2018-09-13,1.6766286184082473
2018-09-14,1.6562703321463828
2018-09-15,1.6552549839511659
2018-09-16,1.6677221997471614
2018-09-17,1.6604867434179649
2018-09-18,1.6912331766662667
2018-09-19,1.671562176763729
2018-09-20,1.671562176763729
2018-09-21,1.671562176763729
2018-09-22,1.659909697371739
2018-09-23,1.657539029487266
2018-09-24,1.6560936092932017
2018-09-25,1.650099664516928
2018-09-26,1.639821538905328
2018-09-27,1.63911150655736
2018-09-28,1.6199181817175061
2018-09-29,1.5807010480750343
2018-09-30,1.60015153059754
2018-10-01,1.5994278363903092
2018-10-02,1.6005078576397824
2018-10-03,1.5677570842071762
2018-10-04,1.5800448334846011
2018-10-05,1.580509405274314
2018-10-06,1.5849612802726052
2018-10-07,1.5796649631053823
2018-10-08,1.5823648358390845
2018-10-09,1.5904389158021368
2018-10-10,1.5626185286868963
2018-10-11,1.6102411974440887
2018-10-12,1.6097899972396927
2018-10-13,1.6080174585560363
2018-10-14,1.5942152156349347
2018-10-15,1.504946323384784
2018-10-16,1.4846042286401362
2018-10-17,1.4926854074074067
2018-10-18,1.4945891226922376
2018-10-19,1.5145196428346697
2018-10-20,1.506861245700605
2018-10-21,1.4966889992933667
2018-10-22,1.5022714796191288
2018-10-23,1.513453058846306
2018-10-24,1.5050708181638752
2018-10-25,1.5198658119105464
2018-10-26,1.5238617520119264
2018-10-27,1.5178904573622773
2018-10-28,1.5267697293790337
2018-10-29,1.5232390969850944
2018-10-30,1.5586522030734964
2018-10-31,1.5660977025516545
2018-11-01,1.5531044137289882
2018-11-02,1.5445695917105091
2018-11-03,1.5455728117824368
2018-11-04,1.5462697647933794
2018-11-05,1.4999791290714202
2018-11-06,1.5047263423585133
2018-11-07,1.5353069287607068
2018-11-08,1.511950234745604
2018-11-09,1.5013622000340359
2018-11-10,1.4937305479125096
2018-11-11,1.4954698546750902
2018-11-12,1.490074454105453
2018-11-13,1.4903584225564863
2018-11-14,1.4853534786070204
2018-11-15,1.486172249512208
2018-11-16,1.506283376977244
2018-11-17,1.5122926971552588
2018-11-18,1.508433684264495
2018-11-19,1.5599081026146657
2018-11-20,1.7351488102063972
2018-11-21,1.7412266008539723
2018-11-22,1.7455941308254632
2018-11-23,1.8225886323850315
2018-11-24,1.817502007459788
2018-11-25,1.976550360328398
2018-11-26,1.9025591107184543
2018-11-27,1.9822395699694353
2018-11-28,1.8974132847815217
2018-11-29,1.895989047476149
2018-11-30,1.895989047476149
2018-12-01,1.895989047476149
2018-12-02,1.895989047476149
2018-12-03,1.895989047476149
2018-12-04,1.895989047476149
2018-12-05,1.895989047476149
2018-12-06,1.895989047476149
2018-12-07,1.895989047476149
2018-12-08,1.895989047476149
2018-12-09,1.895989047476149
2018-12-10,1.895989047476149
2018-12-11,1.895989047476149
2018-12-12,1.895989047476149
2018-12-13,1.895989047476149
2018-12-14,1.895989047476149
2018-12-15,1.895989047476149
2018-12-16,1.895989047476149
2018-12-17,1.895989047476149
2018-12-18,1.895989047476149
2018-12-19,1.895989047476149
2018-12-20,1.8529997213802405
2018-12-21,1.751308188294321
2018-12-22,1.7057245396962202
2018-12-23,1.8186340324259278
2018-12-24,1.933117357192834
2018-12-25,1.788264708292193
2018-12-26,1.7952853074899224
2018-12-27,1.7688568215999148
2018-12-28,1.7258979368456522
2018-12-29,1.713435956329264
2018-12-30,1.679851895251271
2018-12-31,1.6910182561951843
2019-01-01,1.6815944855156642
2019-01-02,1.7325578786580227
2019-01-03,1.7765021843585205
2019-01-04,1.7733443461391645
2019-01-05,1.7759264257743943
2019-01-06,1.7598061199262727
2019-01-07,1.8073810265897927
2019-01-08,1.772467769579274
2019-01-09,1.7897121369970403
2019-01-10,1.6990911809169722
2019-01-11,1.7071942656788508
2019-01-12,1.7154374248668105
2019-01-13,1.7194106866445378
2019-01-14,1.754739015578074
2019-01-15,1.6980496382664414
2019-01-16,1.7114233582040188
2019-01-17,1.7061306090080157
2019-01-18,1.702519487191856
2019-01-19,1.702449503849966
2019-01-20,1.68935819797831
2019-01-21,1.7166736210745215
2019-01-22,1.7187660362816326
2019-01-23,1.710197291447798
2019-01-24,1.713039327738548
2019-01-25,1.7089593259239513
2019-01-26,1.6995593801797313
2019-01-27,1.7101458455274081
2019-01-28,1.7305319342849173
2019-01-29,1.7481696656282653
2019-01-30,1.7355641724623347
2019-01-31,1.72622873827506
2019-02-01,1.7373134384088909
2019-02-02,1.730698018971536
2019-02-03,1.7289455586920592
2019-02-04,1.7288522460519513
2019-02-05,1.7285802318761592
2019-02-06,1.7363701031785097
2019-02-07,1.7388874837048314
2019-02-08,1.7423829821032841
2019-02-09,1.6891698975856233
2019-02-10,1.674530616018348
2019-02-11,1.6906179771465948
2019-02-12,1.6911208041060257
2019-02-13,1.7033606544221884
2019-02-14,1.689530430350877
2019-02-15,1.6941227629896025
2019-02-16,1.6949113857216707
2019-02-17,1.7067662949973619
2019-02-18,1.7793842228762782
2019-02-19,1.8635928929678693
2019-02-20,1.8405754986704457
2019-02-21,1.8689396439509938
2019-02-22,1.8530110867192497
2019-02-23,1.8629896039914815
2019-02-24,1.9737029724793373
2019-02-25,1.8001384351456036
2019-02-26,1.8001384351456036
2019-02-27,1.8001384351456036
2019-02-28,1.8001384351456036
2019-03-01,1.796733563449703
2019-03-02,1.7979019212163228
2019-03-03,1.8010427542221454
2019-03-04,1.7924391334040655
2019-03-05,1.7842299573395883
2019-03-06,1.7488796592959264
2019-03-07,1.7583284526981706
2019-03-08,1.75583122095441
2019-03-09,1.7623768462729312
2019-03-10,1.7502019848157409
2019-03-11,1.7407195347093471
2019-03-12,1.744379807827203
2019-03-13,1.7269818191823096
2019-03-14,1.739150310055088
2019-03-15,1.7190238343664088
2019-03-16,1.72901940826441
2019-03-17,1.704982265064577
2019-03-18,1.7001333782169705
2019-03-19,1.700565263554542
2019-03-20,1.7057988994455955
2019-03-21,1.722187611434809
2019-03-22,1.6649668964121025
2019-03-23,1.6470234426447221
2019-03-24,1.6404312254940179
2019-03-25,1.637317283600486
2019-03-26,1.6377863824824488
2019-03-27,1.6222160865665414
2019-03-28,1.630342757613142
2019-03-29,1.6395929933062519
2019-03-30,1.6685511021647519
2019-03-31,1.6554119886834502
2019-04-01,1.675358580394883
2019-04-02,1.8034854569679264
2019-04-03,1.9441401707807244
2019-04-04,1.929264018465747
2019-04-05,1.9258362466916659
2019-04-06,1.9329462016567533
2019-04-07,1.982293114152306
2019-04-08,2.0562328246850727
2019-04-09,2.021210292521544
2019-04-10,2.0536276165205947
2019-04-11,1.9928303778261869
2019-04-12,1.924410387097101
2019-04-13,1.9080682863982499
2019-04-14,1.9192228051159972
2019-04-15,1.8892047039114368
2019-04-16,1.9126646638839606
2019-04-17,1.8867060701439262
2019-04-18,1.9311966686044622
2019-04-19,1.931857782999118
2019-04-20,1.9571558879759061
2019-04-21,1.932738941727854
2019-04-22,1.9154838993466923
2019-04-23,1.991805802067779
2019-04-24,1.9141270156220018
2019-04-25,1.914248369796662
2019-04-26,1.8954659928389452
2019-04-27,1.8795630683623497
2019-04-28,1.8751248362134953
2019-04-29,1.8855195815020411
2019-04-30,1.9024143003127572
2019-05-01,1.8602343354455935
2019-05-02,1.8692041622312183
2019-05-03,1.9280575348270415
2019-05-04,1.9594238697123771
2019-05-05,1.9325914711748797
2019-05-06,1.8984642592623002
2019-05-07,1.9111298472753773
2019-05-08,1.8692188346192584
2019-05-09,1.8982523530098676
2019-05-10,1.9565331053732913
2019-05-11,2.0220244644586924
2019-05-12,2.212460861177689
2019-05-13,2.096524800592245
2019-05-14,2.3532803027084648
2019-05-15,2.3560515423638577
2019-05-16,2.5871843248865694
2019-05-17,2.4091225113346955
2019-05-18,2.391157958719285
2019-05-19,2.3527526636211795
2019-05-20,2.3425304746488864
2019-05-21,2.3448119267320084
2019-05-22,2.343574985084383
2019-05-23,2.252493458825431
2019-05-24,2.241441931312986
2019-05-25,2.2360126943727954
2019-05-26,2.2370390938871827
2019-05-27,2.302891329577062
2019-05-28,2.31251069244292
2019-05-29,2.288800902432598
2019-05-30,2.337537526475582
2019-05-31,2.2433011666446916
2019-06-01,2.22541135568605
2019-06-02,2.234860849622406
2019-06-03,2.2412958508220946
2019-06-04,2.2685637908718204
2019-06-05,2.2741018727108733
2019-06-06,2.284099081644701
2019-06-07,2.258417240161086
2019-06-08,2.2633468288355147
2019-06-09,2.2712059546892243
2019-06-10,2.2509545178556527
2019-06-11,2.1795860771659155
2019-06-12,2.197117736247455
2019-06-13,2.2690266077166683
2019-06-14,2.2717122151937175
2019-06-15,2.35768114623981
2019-06-16,2.4733884031663473
2019-06-17,2.430864640061279
2019-06-18,2.420294648597698
2019-06-19,2.4393971607520766
2019-06-20,2.440425027479466
2019-06-21,2.5689319834324356
2019-06-22,2.7400025464102535
2019-06-23,2.7713923288070696
2019-06-24,2.7567620599399745
2019-06-25,2.8241976341121102
2019-06-26,2.968019236405129
2019-06-27,2.943406972233484
2019-06-28,2.8219377877488068
2019-06-29,2.7838584995910045
2019-06-30,2.7700856186740137
2019-07-01,2.8028973621910707
2019-07-02,2.885742289403826
2019-07-03,2.797793571898552
2019-07-04,2.783267334880214
2019-07-05,2.76330426408877
2019-07-06,2.7506345023837824
2019-07-07,2.6951948419238065
2019-07-08,2.799923951409654
2019-07-09,2.8868601504349356
2019-07-10,2.888325573003474
2019-07-11,2.7683531288501637
2019-07-12,2.7630202986270658
2019-07-13,2.790310965113925
2019-07-14,2.8269579663621087
2019-07-15,3.0256039524163034
2019-07-16,2.99164765462421
2019-07-17,3.1796907729442885
2019-07-18,3.112472411434692
2019-07-19,3.0463388374339546
2019-07-20,3.0416355445184684
2019-07-21,3.041782824241111
2019-07-22,3.041745841166377
2019-07-23,2.9422817387545397
2019-07-24,2.9796027544432167
2019-07-25,2.8724056372497864
2019-07-26,2.920378043755661
2019-07-27,2.8739641041468453
2019-07-28,2.813412822172743
2019-07-29,2.7803687279314904
2019-07-30,2.8195712265653157
2019-07-31,2.7749637897850463
2019-08-01,2.6809453968982084
2019-08-02,2.785689784630036
2019-08-03,2.826783279207637
2019-08-04,2.781654630314175
2019-08-05,2.9292525528061857
2019-08-06,3.001001288318205
2019-08-07,2.9019028717705613
2019-08-08,2.935046642158254
2019-08-09,2.9399678720551994
2019-08-10,2.9695445933033846
2019-08-11,2.9437122558402415
2019-08-12,2.9237246409323143
2019-08-13,2.948768805043595
2019-08-14,3.064437564921999
2019-08-15,3.276204694532833
2019-08-16,3.346051597122326
2019-08-17,3.25888430683119
2019-08-18,3.2940205892425656
2019-08-19,3.0964995059778624
2019-08-20,3.0936230502009074
2019-08-21,2.9541228765940204
2019-08-22,2.9398141723254785
2019-08-23,2.87662785893195
2019-08-24,2.876062778228841
2019-08-25,2.9039768908129036
2019-08-26,2.878541580501905
2019-08-27,2.8712003451420727
2019-08-28,2.8681965620287517
2019-08-29,3.022262710329898
2019-08-30,3.015024803370225
2019-08-31,2.9981984085942783
2019-09-01,2.9820146706324695
2019-09-02,2.9705559217665476
2019-09-03,2.8776573709665376
2019-09-04,2.893753408131854
2019-09-05,2.8914947735999355
2019-09-06,2.9061341682242183
2019-09-07,2.866608170758914
2019-09-08,2.8194602220530247
2019-09-09,2.760949041642806
2019-09-10,2.8052313319433013
2019-09-11,2.7689433937875974
2019-09-12,2.7562330607279466
2019-09-13,2.7419375406201176
2019-09-14,2.7489953498769646
2019-09-15,2.7940329623320315
2019-09-16,2.835025885433749
2019-09-17,2.873366828911509
2019-09-18,2.9842246648805917
2019-09-19,2.9599656692302907
2019-09-20,2.9972001510632826
2019-09-21,3.003690083058461
2019-09-22,2.981953858442568
2019-09-23,2.972840547311405
2019-09-24,2.943115976256608
2019-09-25,3.2379851747076116
2019-09-26,3.2134690175560205
2019-09-27,3.2767881177595406
2019-09-28,3.226063684730361
2019-09-29,3.262335782318708
2019-09-30,3.3268463712331773
2019-10-01,3.17844955906054
2019-10-02,3.21314226131098
2019-10-03,3.190628318198628
2019-10-04,3.2008600887962615
2019-10-05,3.210663809959723
2019-10-06,3.2302175773031783
2019-10-07,3.239883337062362
2019-10-08,3.21541286617346
2019-10-09,3.2205467176033937
2019-10-10,3.2052077276309516
2019-10-11,3.153660609525004
2019-10-12,3.124733356849223
2019-10-13,3.1224843735353374
2019-10-14,3.120512267715321
2019-10-15,3.1173147369566947
2019-10-16,3.1137014629511914
2019-10-17,3.1717030425113673
2019-10-18,3.1927765697958264
2019-10-19,3.186364540236433
2019-10-20,3.2144841811090594
2019-10-21,3.133270299379227
2019-10-22,3.13830873657279
2019-10-23,3.232891467470384
2019-10-24,3.3750438003602174
2019-10-25,3.3507604259419996
2019-10-26,3.2609025925927106
2019-10-27,3.2025455284025712
2019-10-28,3.243228517847039
2019-10-29,3.259645652125312
2019-10-30,3.235200755214062
2019-10-31,3.2145973931235106
2019-11-01,3.2063186159310817
2019-11-02,3.2252941246272124
2019-11-03,3.2291141141996245
2019-11-04,3.218322166416845
2019-11-05,3.232836119024019
2019-11-06,3.2861947549973025
2019-11-07,3.259289349905247
2019-11-08,3.231405964271931
2019-11-09,3.2018972180929723
2019-11-10,3.2086865417188473
2019-11-11,3.211772342667465
2019-11-12,3.2136724750818124
2019-11-13,3.200970470934127
2019-11-14,3.2157621721196756
2019-11-15,3.250659621358071
2019-11-16,3.277257590960911
2019-11-17,3.288672539281579
2019-11-18,3.262833982778232
2019-11-19,3.373501490130918
2019-11-20,3.3699061600942635
2019-11-21,3.3923075451026707
2019-11-22,3.6267157460922985
2019-11-23,3.767347832686087
2019-11-24,3.771430448939585
2019-11-25,4.0017568212142995
2019-11-26,3.7677668721903737
2019-11-27,3.7892015565833215
2019-11-28,3.741224163510644
2019-11-29,3.741224163510644
2019-11-30,3.7234204328104137
2019-12-01,3.636950128492663
2019-12-02,3.6439389589802835
2019-12-03,3.6438342135745
2019-12-04,3.6216281875485725
2019-12-05,3.6039271376290194
2019-12-06,3.583480776319132
2019-12-07,3.5761082902698944
2019-12-08,3.590558362926401
2019-12-09,3.534249634033743
2019-12-10,3.5101888027255934
2019-12-11,3.4746248791326018
2019-12-12,3.521759660861377
2019-12-13,3.4744294952047747
2019-12-14,3.477063541638221
2019-12-15,3.5085474838084134
2019-12-16,3.548210666556661
2019-12-17,3.7131907580885106
2019-12-18,3.8867726687860173
2019-12-19,3.575629769059978
2019-12-20,3.5828757017134145
2019-12-21,3.581213353020471
2019-12-22,3.5878860057526913
2019-12-23,3.628454454309912
2019-12-24,3.5990154177064184
2019-12-25,3.597326441358573
2019-12-26,3.5915785788437367
2019-12-27,3.5948947742700867
2019-12-28,3.578196553158832
2019-12-29,3.5633130881769284
2019-12-30,3.5300062055006696
2019-12-31,3.480961833851223
2020-01-01,3.457368189679851
2020-01-02,3.4347475258919427
2020-01-03,3.4058225426225524
2020-01-04,3.419342027464471
2020-01-05,3.413281611523476
2020-01-06,3.4441675953803914
2020-01-07,3.5474812465321293
2020-01-08,3.6199390070105366
2020-01-09,3.5312953537920153
2020-01-10,3.4673537025160934
2020-01-11,3.524093299055384
2020-01-12,3.5390206814015976
2020-01-13,3.5235369990921708
2020-01-14,3.580372312000428
2020-01-15,3.707306361816791
2020-01-16,3.7074913994654692
2020-01-17,3.8250307891012665
2020-01-18,3.7887168820922805
2020-01-19,3.8893746831804394
2020-01-20,3.748966389418506
2020-01-21,3.7543192354517627
2020-01-22,3.789360853045632
2020-01-23,3.753734602540707
2020-01-24,3.820479186130867
2020-01-25,3.8236152052734815
2020-01-26,3.7927270159209674
2020-01-27,3.6785805775856173
2020-01-28,3.6900317839201984
2020-01-29,3.803163227406441
2020-01-30,3.790802212689547
2020-01-31,3.842616807550037
2020-02-01,3.85690317391018
2020-02-02,3.8820978927015695
2020-02-03,3.9062750504658124
2020-02-04,3.8748222348161443
2020-02-05,3.896270795087304
2020-02-06,4.1169632779602
2020-02-07,4.229252913661566
2020-02-08,4.236978283273767
2020-02-09,4.373167924683482
2020-02-10,4.296555043750359
2020-02-11,4.215953066827705
2020-02-12,4.611624549161483
2020-02-13,4.719072324680253
2020-02-14,4.657361873618219
2020-02-15,4.814710408024017
2020-02-16,4.694651055610495
2020-02-17,4.597496143567643
2020-02-18,4.588697017445314
2020-02-19,4.53525575963783
2020-02-20,4.5844447017090255
2020-02-21,4.568407247184199
2020-02-22,4.588434810745721
2020-02-23,4.519584257443176
2020-02-24,4.515509237452864
2020-02-25,4.525478335357722
2020-02-26,4.663573466105048
2020-02-27,4.818926425012701
2020-02-28,4.851142713528118
2020-02-29,4.802414958383258
2020-03-01,4.934886924160239
2020-03-02,4.9121248044654795
2020-03-03,4.820225888224784
2020-03-04,4.8058078235226755
2020-03-05,4.775695127660212
2020-03-06,4.660684315494611
2020-03-07,4.658011490662639
2020-03-08,4.658011490662639
2020-03-09,4.874369044529863
2020-03-10,4.898059102143161
2020-03-11,4.90729264223181
2020-03-12,5.123437485302553
2020-03-13,6.0274062157641435
2020-03-14,5.952785832128023
2020-03-15,6.101093304138913
2020-03-16,6.444374676408832
2020-03-17,6.082290859829534
2020-03-18,6.207299824404982
2020-03-19,6.042683367454424
2020-03-20,5.782779264823222
2020-03-21,5.782779264823222
2020-03-22,5.782779264823222
2020-03-23,5.782779264823222
2020-03-24,5.782779264823222
2020-03-25,5.7772384132608625
2020-03-26,5.7548919114471815
2020-03-27,5.774481628008022
2020-03-28,5.692150941031376
2020-03-29,5.690870477168314
2020-03-30,5.690870477168314
2020-03-31,5.710086766201905
2020-04-01,5.686701617507116
2020-04-02,5.749272456785383
2020-04-03,5.899425054302697
2020-04-04,5.8124993015977005
2020-04-05,5.845444240926333
2020-04-06,5.982951205937597
2020-04-07,6.373205024763525
2020-04-08,6.3153893195391015
2020-04-09,6.347162661100307
2020-04-10,6.081986932844448
2020-04-11,6.0488976993628985
2020-04-12,6.0488976993628985
2020-04-13,6.0488976993628985
2020-04-14,6.0488976993628985
2020-04-15,6.064559995641144
2020-04-16,6.051243224132435
2020-04-17,6.029363875812163
2020-04-18,6.086263789487659
2020-04-19,6.2054070594950135
2020-04-20,6.240272008521578
2020-04-21,5.908520431190861
2020-04-22,5.8816274558624935
2020-04-23,5.842842609418967
2020-04-24,6.16268042517275
2020-04-25,6.230390860391118
2020-04-26,6.2098564713952324
2020-04-27,6.2968507263266345
2020-04-28,6.289374878839669
2020-04-29,6.4995996247040235
2020-04-30,7.046969670277848
2020-05-01,6.840374170291232
2020-05-02,6.830420529259859
2020-05-03,6.914426815629042
2020-05-04,6.636974197313302
2020-05-05,6.731755114995351
2020-05-06,6.732946761374659
2020-05-07,6.724246387988727
2020-05-08,6.6939357070446075
2020-05-09,6.668163952553737
2020-05-10,6.15463665339193
2020-05-11,6.167182964040714
2020-05-12,6.140847962019008
2020-05-13,6.088161802926134
2020-05-14,6.001243697893942
2020-05-15,6.0511061497495
2020-05-16,5.9645081098990484
2020-05-17,6.011134741078367
2020-05-18,6.245954748387067
2020-05-19,6.146175954912412
2020-05-20,6.228132180387378
2020-05-21,6.069581547653268
2020-05-22,5.813619463611473
2020-05-23,5.839922403065775
2020-05-24,5.852396209402789
2020-05-25,5.773698068375969
2020-05-26,5.752228776970359
2020-05-27,5.633718558093916
2020-05-28,5.48945050859278
2020-05-29,5.648680758597899
2020-05-30,5.793768045775475
2020-05-31,5.905713199776372
2020-06-01,5.89281969223858
2020-06-02,6.175875931541359
2020-06-03,5.833993033980187
2020-06-04,5.920964212894042
2020-06-05,5.923483195210144
2020-06-06,5.8790695596367595
2020-06-07,5.906645787097248
2020-06-08,5.9252067094264245
2020-06-09,5.920433900827495
2020-06-10,5.923748351243418
2020-06-11,5.957953479535758
2020-06-12,5.705470923637636
2020-06-13,5.692668295359904
2020-06-14,5.716345036093016
2020-06-15,5.935065575694918
2020-06-16,5.714852033224498
2020-06-17,5.690413686670437
2020-06-18,5.728761490243838
2020-06-19,5.832880880071952
2020-06-20,5.814906436198763
2020-06-21,5.788875640023821
2020-06-22,5.718736979387983
2020-06-23,5.588417179352616
2020-06-24,5.501964710581632
2020-06-25,5.299225120222849
2020-06-26,5.281391242644971
2020-06-27,5.270287808903604
2020-06-28,5.391704641020025
2020-06-29,5.343104954089054
2020-06-30,5.284044243937434
2020-07-01,5.300985743988641
2020-07-02,5.245202861513338
2020-07-03,5.291055974895746
2020-07-04,5.313230464816036
2020-07-05,5.3099586644139976
2020-07-06,5.199068926854489
2020-07-07,5.091559263510056
2020-07-08,5.124464702438667
2020-07-09,5.199661775362576
2020-07-10,5.068365107952953
2020-07-11,5.11803492855837
2020-07-12,5.114366219333395
2020-07-13,5.134975106353641
2020-07-14,5.0785129359303705
2020-07-15,5.101759658862278
2020-07-16,5.020647591898877
2020-07-17,5.014987080527299
2020-07-18,5.014987080527299
2020-07-19,5.0241458119400315
2020-07-20,4.9745337660482125
2020-07-21,4.904723032966966
2020-07-22,4.875144212476237
2020-07-23,5.127364781145897
2020-07-24,5.215282072405358
2020-07-25,5.3533436827009595
2020-07-26,5.677095124011209
2020-07-27,5.865062795112601
2020-07-28,5.969721776874931
2020-07-29,6.049205224903657
2020-07-30,6.013995751625574
2020-07-31,6.228679151232469
2020-08-01,6.503922036027405
2020-08-02,6.700052277344771
2020-08-03,6.721959269496769
2020-08-04,6.840418360076557
2020-08-05,6.79079891898316
2020-08-06,6.900527845369559
2020-08-07,6.917968014785008
2020-08-08,6.743173354287395
2020-08-09,6.917598928411368
2020-08-10,6.95743801403486
2020-08-11,6.881027298343255
2020-08-12,6.7104223078318705
2020-08-13,6.82713479017934
2020-08-14,7.186803183062119
2020-08-15,7.367499008456356
2020-08-16,7.257949974104082
2020-08-17,7.218863581786706
2020-08-18,7.349572561427105
2020-08-19,7.1188942945401985
2020-08-20,7.093733698294756
2020-08-21,7.115793553148935
2020-08-22,7.0214787148733535
2020-08-23,7.011395950047399
2020-08-24,6.9250212688189405
2020-08-25,6.994831021266148
2020-08-26,7.150163818380722
2020-08-27,7.10550354914998
2020-08-28,7.105661038093842
2020-08-29,6.9978432308806395
2020-08-30,6.981469651731489
2020-08-31,6.8904565395149575
2020-09-01,6.999094965042946
2020-09-02,6.98681509864152
2020-09-03,6.825815989808375
2020-09-04,7.067759264868594
2020-09-05,7.051661416757444
2020-09-06,7.1848975620829245
2020-09-07,7.207668347197002
2020-09-08,7.161494115684568
2020-09-09,7.190129845969254
2020-09-10,7.121393151162205
2020-09-11,7.12386611841862
2020-09-12,7.102782185514476
2020-09-13,7.053892469443239
2020-09-14,7.088950183301521
2020-09-15,7.013619786456713
2020-09-16,7.013619786456713
2020-09-17,7.013619786456713
2020-09-18,7.013619786456713
2020-09-19,7.013619786456713
2020-09-20,7.013619786456713
2020-09-21,7.013619786456713
2020-09-22,7.013619786456713
2020-09-23,7.013619786456713
2020-09-24,7.003559736002585
2020-09-25,6.975522361953615
2020-09-26,6.975522361953615
2020-09-27,6.975522361953615
2020-09-28,6.975522361953615
2020-09-29,6.975522361953615
2020-09-30,6.975522361953615
2020-10-01,6.975522361953615
2020-10-02,6.975522361953615
2020-10-03,6.975522361953615
2020-10-04,6.975522361953615
2020-10-05,6.975522361953615
2020-10-06,6.975522361953615
2020-10-07,6.975522361953615
2020-10-08,6.975522361953615
2020-10-09,6.975522361953615
2020-10-10,7.04137261398603
2020-10-11,7.034208728379784
2020-10-12,7.035441985827906
2020-10-13,7.085157549558115
2020-10-14,7.074509517911464
2020-10-15,7.057110085933194
2020-10-16,6.998205681695454
2020-10-17,7.003375362940131
2020-10-18,7.052012939648478
2020-10-19,7.057664323116949
2020-10-20,7.119150721013458
2020-10-21,7.228918056192079
2020-10-22,7.39495311937453
2020-10-23,7.4863606140361085
2020-10-24,7.4834995214339575
2020-10-25,7.4991328116373985
2020-10-26,7.483471662102216
2020-10-27,7.460912125161251
2020-10-28,7.556904028694499
2020-10-29,7.432712888688233
2020-10-30,7.446350998534281
2020-10-31,7.505214315502739
2020-11-01,7.539389323444579
2020-11-02,7.531349514697845
2020-11-03,7.483851234556345
2020-11-04,7.488015029013525
2020-11-05,7.457451240445523
2020-11-06,7.7269549649251426
2020-11-07,7.793355871364758
2020-11-08,7.6234199683796335
2020-11-09,7.718470471033009
2020-11-10,7.735783744532727
2020-11-11,7.81700785232672
2020-11-12,7.886250870379846
2020-11-13,7.90813283596176
2020-11-14,7.923854259978237
2020-11-15,7.8858343716073085
2020-11-16,7.8779994299579545
2020-11-17,7.99090355589389
2020-11-18,8.175939154671477
2020-11-19,8.109794461885675
2020-11-20,8.259926114762056
2020-11-21,8.393536353433367
2020-11-22,8.538968125442844
2020-11-23,8.727877936678262
2020-11-24,8.840122760709148
2020-11-25,8.831303745923536
2020-11-26,8.327889203976012
2020-11-27,8.321064971584883
2020-11-28,8.321064971584883
2020-11-29,8.321064971584883
2020-11-30,8.321064971584883
2020-12-01,8.40679486747922
2020-12-02,8.356962014522647
2020-12-03,8.364340709686841
2020-12-04,8.37959601749719
2020-12-05,8.288531950261463
2020-12-06,8.311490348912377
2020-12-07,8.320231851425298
2020-12-08,8.281611760348012
2020-12-09,8.128005173079655
2020-12-10,8.126181974789644
2020-12-11,8.126181974789644
2020-12-12,8.126181974789644
2020-12-13,8.126181974789644
2020-12-14,8.115181126878005
2020-12-15,8.119110398285278
2020-12-16,8.140094865658458
2020-12-17,8.433256280951428
2020-12-18,8.46717445904066
2020-12-19,8.45960673251975
2020-12-20,8.524792111604533
2020-12-21,8.526917685759052
2020-12-22,8.371459178385209
2020-12-23,8.429750068289506
2020-12-24,8.405536537508572
2020-12-25,8.43558857844422
2020-12-26,8.502506288773947
2020-12-27,8.646573706211123
2020-12-28,8.83431015619512
2020-12-29,8.744742662520274
2020-12-30,8.896183632055237
2020-12-31,8.971648321348962
2021-01-01,8.936637096117584
2021-01-02,8.956938385963694
2021-01-03,9.285658503378938
2021-01-04,9.85445653531949
2021-01-05,9.703191068603925
2021-01-06,9.986537398574773
2021-01-07,10.235390902287778
2021-01-08,10.327082384690137
2021-01-09,10.30626814716427
2021-01-10,10.715228956790737
2021-01-11,9.88928745619317
2021-01-12,9.885232521101283
2021-01-13,9.885232521101283
2021-01-14,9.885232521101283
2021-01-15,9.876474024276247
2021-01-16,9.783612237244512
2021-01-17,9.783461287278467
2021-01-18,9.802088513088295
2021-01-19,9.88027053216802
2021-01-20,9.877714446076338
2021-01-21,9.795189961070422
2021-01-22,9.735371173303463
2021-01-23,9.669810303915735
2021-01-24,9.673647957427239
2021-01-25,9.719262795978999
2021-01-26,9.626334143439337
2021-01-27,9.5428322055943
2021-01-28,9.556926150211282
2021-01-29,9.504189042811328
2021-01-30,9.529050579038099
2021-01-31,9.528576949513596
2021-02-01,9.504807169478898
2021-02-02,9.583742747689366
2021-02-03,9.68977956784415
2021-02-04,9.790187603676346
2021-02-05,9.781743114334736
2021-02-06,9.860364839261246
2021-02-07,9.81419278503425
2021-02-08,9.746843436533299
2021-02-09,10.07517496556044
2021-02-10,10.08253602816741
2021-02-11,9.987599271871055
2021-02-12,10.079794644862329
2021-02-13,10.092172238193909
2021-02-14,10.151889929091844
2021-02-15,10.0680973139119
2021-02-16,10.14411598817197
2021-02-17,10.195962702021179
2021-02-18,10.265264319889235
2021-02-19,10.272511493492285
2021-02-20,10.382782520936908
2021-02-21,10.360258172945823
2021-02-22,10.352194513597478
2021-02-23,10.2004071062113
2021-02-24,10.2004071062113
2021-02-25,10.2004071062113
2021-02-26,10.23294950861735
2021-02-27,10.193830421615615
2021-02-28,10.290338534766285
2021-03-01,9.906789492548453
2021-03-02,9.710364642363027
2021-03-03,9.76867737413363
2021-03-04,9.758415314932867
2021-03-05,9.795584621223755
2021-03-06,9.723537227321259
2021-03-07,9.754125776522848
2021-03-08,9.726175553508957
2021-03-09,10.181506477494695
2021-03-10,10.223070832340586
2021-03-11,10.21755640373383
2021-03-12,10.391326473025646
2021-03-13,10.43214753841666
2021-03-14,10.819418523449063
2021-03-15,10.470292986829289
2021-03-16,10.297364038192143
2021-03-17,10.297364038192143
2021-03-18,10.297364038192143
2021-03-19,10.297364038192143
2021-03-20,10.297364038192143
2021-03-21,10.297364038192143
2021-03-22,10.297364038192143
2021-03-23,10.297364038192143
2021-03-24,10.297364038192143
2021-03-25,10.31351232988033
2021-03-26,10.007725417299762
2021-03-27,10.26293265899529
2021-03-28,10.450333237742266
2021-03-29,10.383777457854224
2021-03-30,10.910798500805203
2021-03-31,10.902866798403723
2021-04-01,11.294440319285828
2021-04-02,11.547998812524822
2021-04-03,11.892909918317486
2021-04-04,11.527832740637479
2021-04-05,11.478735197508465
2021-04-06,11.801076116964486
2021-04-07,11.669133033224481
2021-04-08,11.201262021116591
2021-04-09,11.193451688215537
2021-04-10,11.378160075944319
2021-04-11,11.317117665147105
2021-04-12,11.394928266626023
2021-04-13,11.41941796192721
2021-04-14,11.639666741567193
2021-04-15,11.54409238957735
2021-04-16,11.445326007902327
2021-04-17,11.494328458920132
2021-04-18,11.040277591889025
2021-04-19,10.944927074846692
2021-04-20,11.077827755342252
2021-04-21,11.165030480415245
2021-04-22,11.442163560262065
2021-04-23,11.882193019764113
2021-04-24,11.578102824547146
2021-04-25,11.517850544979558
2021-04-26,11.391755338820644
2021-04-27,11.39046247287556
2021-04-28,11.45334698692843
2021-04-29,11.565115454406573
2021-04-30,11.60651293138027
2021-05-01,11.733443462960356
2021-05-02,11.65522499823063
2021-05-03,12.10908883339156
2021-05-04,11.977758867241318
2021-05-05,11.642488744604988
2021-05-06,11.365308455140822
2021-05-07,11.252540263127518
2021-05-08,11.231700844217805
2021-05-09,11.571443869243097
2021-05-10,11.768598137291418
2021-05-11,11.3737538184465
2021-05-12,11.696737962366454
2021-05-13,11.55798223035471
2021-05-14,11.669116029898749
2021-05-15,11.86752222717805
2021-05-16,11.74763199892024
2021-05-17,12.347992429016882
2021-05-18,12.344340325068258
2021-05-19,12.817091746858042
2021-05-20,13.136193004320628
2021-05-21,13.18255761672613
2021-05-22,14.358719175143257
2021-05-23,14.523265858977288
2021-05-24,14.230875156345439
2021-05-25,14.01169144470582
2021-05-26,14.01169144470582
2021-05-27,14.01169144470582
2021-05-28,14.01169144470582
2021-05-29,14.01169144470582
2021-05-30,14.01169144470582
2021-05-31,14.01169144470582
2021-06-01,14.01169144470582
2021-06-02,14.01169144470582
2021-06-03,14.01169144470582
2021-06-04,14.01169144470582
2021-06-05,14.01169144470582
2021-06-06,14.01169144470582
2021-06-07,14.01169144470582
2021-06-08,14.04381226087073
2021-06-09,14.04958562459398
2021-06-10,14.029679455493074
2021-06-11,14.074787727646232
2021-06-12,14.129586055910687
2021-06-13,14.128644458304978
2021-06-14,14.045440118020425
2021-06-15,14.045440118020425
2021-06-16,13.996050761196067
2021-06-17,13.618065929184997
2021-06-18,13.56194681862585
2021-06-19,13.82326235617073
2021-06-20,13.943506076239268
2021-06-21,14.49794714850524
2021-06-22,14.717843642384912
2021-06-23,14.450142727419957
2021-06-24,14.77621004557331
2021-06-25,14.580504776857463
2021-06-26,15.32539195611829
2021-06-27,14.734891061386396
2021-06-28,14.265486792018363
2021-06-29,14.265486792018363
2021-06-30,14.265486792018363
2021-07-01,14.265486792018363
2021-07-02,14.35128566378089
2021-07-03,14.01952322833431
2021-07-04,13.694797880008498
2021-07-05,13.408358350949118
2021-07-06,13.272702289002753
2021-07-07,13.303887088991118
2021-07-08,13.428042170780689
2021-07-09,13.293282250750792
2021-07-10,13.130093764178577
2021-07-11,13.251771621111965
2021-07-12,12.951428896986744
2021-07-13,13.54677296320653
2021-07-14,14.223034078258523
2021-07-15,13.930270378688322
2021-07-16,14.215747578862336
2021-07-17,14.384162125434132
2021-07-18,14.08341756729431
2021-07-19,14.320493494241234
2021-07-20,15.162421731478247
2021-07-21,14.557201564165219
2021-07-22,14.029458439036716
2021-07-23,13.827349514968695
2021-07-24,13.410098511411558
2021-07-25,13.716079974992718
2021-07-26,14.776694074868741
2021-07-27,14.223053151199386
2021-07-28,14.942068704085074
2021-07-29,14.94435947419687
2021-07-30,15.258620560652707
2021-07-31,15.625227717413761
2021-08-01,16.09971057705239
2021-08-02,15.98424894702013
2021-08-03,15.372401832819696
2021-08-04,15.319410480857377
2021-08-05,15.958706802853019
2021-08-06,16.22946055822011
2021-08-07,16.821830848402687
2021-08-08,17.39527325595462
2021-08-09,16.785140360441453
2021-08-10,17.405886727579453
2021-08-11,17.691001738320203
2021-08-12,17.407209474784924
2021-08-13,17.043182668496378
2021-08-14,17.043182668496378
2021-08-15,17.043182668496378
2021-08-16,17.043182668496378
2021-08-17,17.043182668496378
2021-08-18,17.043182668496378
2021-08-19,17.043182668496378
2021-08-20,17.043182668496378
2021-08-21,17.043182668496378
2021-08-22,17.043182668496378
2021-08-23,17.043182668496378
2021-08-24,17.043182668496378
2021-08-25,17.043182668496378
2021-08-26,17.043182668496378
2021-08-27,17.043182668496378
2021-08-28,17.043182668496378
2021-08-29,17.043182668496378
2021-08-30,17.043182668496378
2021-08-31,17.043182668496378
2021-09-01,17.043182668496378
2021-09-02,17.043182668496378
2021-09-03,17.043182668496378
2021-09-04,17.043182668496378
2021-09-05,17.043182668496378
2021-09-06,17.043182668496378
2021-09-07,17.043182668496378
2021-09-08,17.043182668496378
2021-09-09,16.470701247922175
2021-09-10,16.338625810024375
2021-09-11,16.82709374679287
2021-09-12,16.619647010946586
2021-09-13,16.996828804261696
2021-09-14,16.601969623321995
2021-09-15,16.231690486917607
2021-09-16,15.913110336155565
2021-09-17,15.69799870368108
2021-09-18,15.21886352702232
2021-09-19,15.360495279099547
2021-09-20,16.07347438487665
2021-09-21,16.33465931483331
2021-09-22,16.710778495696214
2021-09-23,16.08143033592344
2021-09-24,16.018037481855693
2021-09-25,16.25580444220686
2021-09-26,16.376310878690777
2021-09-27,16.124593336849138
2021-09-28,16.318028996098207
2021-09-29,16.24777718932954
2021-09-30,16.163744176958602
2021-10-01,16.020799523940568
2021-10-02,16.06622947977162
2021-10-03,16.099996738412603
2021-10-04,16.055318275992313
2021-10-05,16.175412934329714
2021-10-06,16.5478964437379
2021-10-07,17.360921236120515
2021-10-08,17.34955864506653
2021-10-09,17.369193106060003
2021-10-10,17.405103828586608
2021-10-11,17.527350762144515
2021-10-12,17.36522883891404
2021-10-13,16.907166698309375
2021-10-14,17.72010403493972
2021-10-15,18.343203953853234
2021-10-16,18.71799606502483
2021-10-17,18.631454143977734
2021-10-18,18.69459341352295
2021-10-19,18.66861630115487
2021-10-20,18.946133301452424
2021-10-21,19.768000977491692
2021-10-22,19.56075740226116
2021-10-23,18.982123192537813
2021-10-24,19.174942762723706
2021-10-25,19.30587695234434
2021-10-26,19.42312472395572
2021-10-27,19.275064721852097
2021-10-28,18.755002145726156
2021-10-29,18.730546572283167
2021-10-30,18.769224916629238
2021-10-31,18.760514206935326
2021-11-01,18.790520683823356
2021-11-02,18.76640784169778
2021-11-03,18.833830241169846
2021-11-04,18.778677634984238
2021-11-05,18.78871858871141
2021-11-06,18.739002443679937
2021-11-07,18.7752268914932
2021-11-08,18.91935398345058
2021-11-09,18.979289649879632
2021-11-10,18.93487980585909
2021-11-11,18.89607215651809
2021-11-12,18.87137159327505
2021-11-13,18.82268377948541
2021-11-14,18.82268377948541
2021-11-15,18.82268377948541
2021-11-16,18.82268377948541
2021-11-17,19.010040748531598
2021-11-18,18.658327641660755
2021-11-19,18.823226004613925
2021-11-20,17.997543190073287
2021-11-21,17.324138499256968
2021-11-22,17.519726676311894
2021-11-23,17.869814387802247
2021-11-24,17.477032324890878
2021-11-25,17.25260534168951
2021-11-26,16.99339513480329
2021-11-27,17.34285113128642
2021-11-28,17.370615054391603
2021-11-29,16.653797892735856
2021-11-30,16.638864058005424
2021-12-01,16.79264781771364
2021-12-02,16.576638826799332
2021-12-03,16.585484969035438
2021-12-04,16.210279733927326
2021-12-05,16.04883815300928
2021-12-06,16.11507130434021
2021-12-07,15.96898046874442
2021-12-08,15.96898046874442
2021-12-09,15.96898046874442
2021-12-10,16.08422586177128
2021-12-11,15.928429249733172
2021-12-12,15.896586034634495
2021-12-13,16.201417851122812
2021-12-14,16.13750747621554
2021-12-15,16.000005424326087
2021-12-16,15.946611837526874
2021-12-17,16.01282195233984
2021-12-18,15.954992537632641
2021-12-19,15.985957200407796
2021-12-20,15.954587714503177
2021-12-21,15.914303506492216
2021-12-22,15.914122628072667
2021-12-23,15.808980586766323
2021-12-24,15.874355215546135
2021-12-25,15.836551625860418
2021-12-26,15.860453417015092
2021-12-27,15.898653216572201
2021-12-28,16.101977786661298
2021-12-29,16.33589664942837
2021-12-30,16.211676241488657
2021-12-31,16.31718865289217
2022-01-01,16.134845979470747
2022-01-02,16.12239982155417
2022-01-03,16.233950126867388
2022-01-04,16.27413097578146
2022-01-05,16.701770625885395
2022-01-06,16.850504366303017
2022-01-07,17.1693930199677
2022-01-08,17.284707319059155
2022-01-09,17.200280163420192
2022-01-10,17.256507512125673
2022-01-11,17.038747121504965
2022-01-12,16.81997036643155
2022-01-13,16.93969465365677
2022-01-14,16.889272640893
2022-01-15,16.89587900983557
2022-01-16,16.889186508312264
2022-01-17,16.97080574181918
2022-01-18,16.956611092513626
2022-01-19,17.02526737261954
2022-01-20,17.131623883314283
2022-01-21,17.609668319665836
2022-01-22,17.81933224769722
2022-01-23,17.648083450674793
2022-01-24,17.59413000210078
2022-01-25,17.546739856178974
2022-01-26,17.423130989562495
2022-01-27,17.423130989562495
2022-01-28,17.423130989562495
2022-01-29,17.423130989562495
2022-01-30,17.423130989562495
2022-01-31,17.423130989562495
2022-02-01,17.423130989562495
2022-02-02,17.423130989562495
2022-02-03,17.402351420689982
2022-02-04,17.276521748459146
2022-02-05,17.221277714370906
2022-02-06,17.376549597205866
2022-02-07,17.657358871006103
2022-02-08,17.65507946045444
2022-02-09,17.83415319627771
2022-02-10,17.503112176688834
2022-02-11,17.17784241839077
2022-02-12,17.149152281023397
2022-02-13,17.13487285583706
2022-02-14,17.302844311745574
2022-02-15,18.14191482761921
2022-02-16,17.933684837682446
2022-02-17,16.86775403651558
2022-02-18,16.86775403651558
2022-02-19,16.86775403651558
2022-02-20,16.957661478739972
2022-02-21,17.113307481594845
2022-02-22,16.773493999182442
2022-02-23,17.10801268668185
2022-02-24,16.90121822899363
2022-02-25,16.861945209894888
2022-02-26,16.890197021193845
2022-02-27,17.452522218647506
2022-02-28,16.55274727966546
2022-03-01,16.84233112454753
2022-03-02,16.68950232977295
2022-03-03,16.1967475482562
2022-03-04,15.913922396192921
2022-03-05,15.7884490196163
2022-03-06,16.196297339277322
2022-03-07,16.40683740534115
2022-03-08,16.106371114387994
2022-03-09,15.207642063187032
2022-03-10,14.793859188046175
2022-03-11,14.834756332682192
2022-03-12,14.844726477885045
2022-03-13,15.10343526315229
2022-03-14,14.647302078421015
2022-03-15,14.667820798242756
2022-03-16,14.289474678717744
2022-03-17,14.327588539066257
2022-03-18,14.7260303851323
2022-03-19,14.81362909284855
2022-03-20,14.464488292357675
2022-03-21,14.470758827548023
2022-03-22,14.857110003872105
2022-03-23,15.08368644093301
2022-03-24,15.397526372639044
2022-03-25,15.435351593259078
2022-03-26,15.547258519277477
2022-03-27,16.15237541894751
2022-03-28,16.282077195052494
2022-03-29,16.438714270972422
2022-03-30,16.345691972926485
2022-03-31,15.936063899933023
2022-04-01,16.348277655912483
2022-04-02,16.345640033108143
2022-04-03,16.506662094650835
2022-04-04,16.54828141358758
2022-04-05,16.1456050348781
2022-04-06,15.638937090141228
2022-04-07,15.637045599118412
2022-04-08,15.295987860984038
2022-04-09,15.286868685498614
2022-04-10,15.322259442751355
2022-04-11,15.603740867632453
2022-04-12,15.433678402801158
2022-04-13,15.095451288936312
2022-04-14,15.500762223892592
2022-04-15,15.330855195196621
2022-04-16,15.33923111379822
2022-04-17,15.609411124184291
2022-04-18,15.26076557273617
2022-04-19,15.041750116610533
2022-04-20,15.065626333619194
2022-04-21,14.96529355405706
2022-04-22,14.96529355405706
2022-04-23,14.96529355405706
2022-04-24,14.96529355405706
2022-04-25,14.96529355405706
2022-04-26,14.96529355405706
2022-04-27,14.96529355405706
2022-04-28,14.96529355405706
2022-04-29,14.96529355405706
2022-04-30,14.96529355405706
2022-05-01,14.96529355405706
2022-05-02,14.96529355405706
2022-05-03,14.96529355405706
2022-05-04,14.96529355405706
2022-05-05,14.988291968969817
2022-05-06,15.026131947398014
2022-05-07,15.07160918738029
2022-05-08,15.18464633151213
2022-05-09,15.569505244273172
2022-05-10,15.481885837293525
2022-05-11,15.694973446033949
2022-05-12,15.702305010133234
2022-05-13,15.662022518624198
2022-05-14,15.575653308821755
2022-05-15,15.437339297524726
2022-05-16,15.437339297524726
2022-05-17,15.437339297524726
2022-05-18,15.437339297524726
2022-05-19,15.437339297524726
2022-05-20,15.437339297524726
2022-05-21,15.437339297524726
2022-05-22,15.437339297524726
2022-05-23,15.437339297524726
2022-05-24,15.437339297524726
2022-05-25,15.437339297524726
2022-05-26,15.437339297524726
2022-05-27,15.437339297524726
2022-05-28,15.437339297524726
2022-05-29,15.437339297524726
2022-05-30,15.437339297524726
2022-05-31,15.437339297524726
2022-06-01,15.663875869337607
2022-06-02,15.489390853553683
2022-06-03,15.679846117687724
2022-06-04,15.637557330907956
2022-06-05,15.616699948137862
2022-06-06,15.270861255138335
2022-06-07,15.114379040374194
2022-06-08,15.186779888920793
2022-06-09,15.22430612018065
2022-06-10,15.598855458151096
2022-06-11,15.981095914092423
2022-06-12,16.491113689622363
2022-06-13,17.957223541701843
2022-06-14,17.997480734111168
2022-06-15,17.82878691224207
2022-06-16,18.33001842543955
2022-06-17,18.301974181754105
2022-06-18,18.68977238991751
2022-06-19,18.270496926902307
2022-06-20,18.270496926902307
2022-06-21,18.270496926902307
2022-06-22,18.270496926902307
2022-06-23,18.270496926902307
2022-06-24,18.270496926902307
2022-06-25,18.270496926902307
2022-06-26,18.270496926902307
2022-06-27,18.270496926902307
2022-06-28,18.270496926902307
2022-06-29,18.270496926902307
2022-06-30,18.270496926902307
2022-07-01,18.270496926902307
2022-07-02,18.270496926902307
2022-07-03,18.270496926902307
2022-07-04,18.270496926902307
2022-07-05,18.22547257913676
2022-07-06,18.171557897742236
2022-07-07,18.136328518080052
2022-07-08,17.85951592705404
2022-07-09,17.85816070028108
2022-07-10,17.32876726425254
2022-07-11,17.231013842901483
2022-07-12,17.23374767894865
2022-07-13,16.337110211650007
2022-07-14,16.852152925029394
2022-07-15,17.119681321442346
2022-07-16,18.019765791076114
2022-07-17,17.855813633803685
2022-07-18,19.572079450510707
2022-07-19,19.496594220058117
2022-07-20,19.309822083189808
2022-07-21,19.671693888969024
2022-07-22,19.27915459118849
2022-07-23,19.32228706461153
2022-07-24,19.666948582835282
2022-07-25,18.325635931394793
2022-07-26,18.149002217074358
2022-07-27,17.632810694576442
2022-07-28,17.812061332437814
2022-07-29,17.79541164993268
2022-07-30,17.76366089648026
2022-07-31,17.6911578932356
2022-08-01,17.679271916209455
2022-08-02,17.607410015150563
